,ethnicity_word,w2v_sim,glove_wk_sim,glove_twitter_sim,ud_sim,chan_sim,reddit_100K_collocation_mean_pmi_swear_words,reddit_1M_collocation_mean_pmi_swear_words
0,hetrosexual,1,0,0,0.285625755786896,0.300247579813004,0,11.7091601592959
1,cisgender,0,1,0,0.08599266409874,0.548878073692322,0,0
2,man,0.316678375005722,0.527737498283386,0.97196364402771,1,0.818110346794128,4.83721198109252,3.27752337398353
3,male,0.402062982320785,0.518146276473999,0.335896015167236,0.809786975383758,0.553476214408875,7.69596364331476,6.07855703335969
4,boy,0.317293524742126,0.583395063877106,1,0.666121959686279,1,6.90850468923555,5.54574454313869
5,son,0.015028769150376,0.247720554471016,0,0.646245539188385,0.863306105136871,7.61442663050649,5.31724860830205
6,father,0,0.22476489841938,0.685773253440857,0.28638020157814,0.622680008411408,5.87062190065863,3.8614683378539
7,husband,0.150884032249451,0.307018458843231,0.815511584281921,0.242411687970161,0.749028325080872,9.09774777562042,3.31324380716961
8,brother,0.071433514356613,0.272448182106018,0.950941681861877,0.311781883239746,0.700546622276306,4.9264098445301,4.52282491432071
9,white,0.321372091770172,0.244534149765968,0.830509662628174,0.477695822715759,0.304840356111526,5.72370364722497,3.80185624933445
10,caucasian,0.454006493091583,0.702621281147003,0.527220904827118,0.149826839566231,0.333345741033554,9.07077923468159,8.60519568645368
12,european,0.406538426876068,0,0.329157084226608,0.106826834380627,0,8.21267670571344,6.00537525783283
13,norwegian,0.569957792758942,0.22349850833416,0.076280668377876,0,0.27522337436676,0,9.5930124949691
14,canadian,0.598605692386627,0.004242287017405,0.521317481994629,0.252776920795441,0.356273382902145,11.6729286364851,5.08008619196507
15,german,0.542211711406708,0.192755684256554,0.266560822725296,0.223257794976234,0.04216867685318,0,6.96055215321489
16,australian,0.642452955245972,0.029940592125058,0.244488656520843,0.182308837771416,0.260510712862015,8.90982666038792,7.03543423330605
17,english,0.721289992332459,0.206443518400192,0.444627344608307,0.36963614821434,0.291923552751541,5.81734961422349,5.59848447994948
18,french,0.569629728794098,0.155832827091217,0.50637286901474,0.249926701188087,0.205516159534454,9.3071306027617,4.74665345560693
19,american,0.715420842170715,0.027848737314344,0.29967999458313,0.16550287604332,0.078706450760365,5.07369477180388,4.5319581762524
20,swedish,0.536675214767456,0.236215189099312,0.329036891460419,0.040230624377728,0.232333168387413,10.7876939391237,7.49381750071259
21,dutch,0.699352622032166,0.198886558413506,0.728231489658356,0.278795093297958,0.228230029344559,10.1740988598449,6.53239957032432
