,ethnicity_word,w2v_sim,glove_wk_sim,glove_twitter_sim,ud_sim,chan_sim,reddit_collocation_mean_pmi_fatma,reddit_100K_collocation_mean_pmi_swear_words,reddit_1M_collocation_mean_pmi_swear_words
0,lesbian,0.670456886291504,0.631955444812775,0.848434686660767,0.587948441505432,0.792386114597321,8.21461153745952,9.44647624883974,7.57273599204939
1,gay,0.670648574829102,0.437590330839157,0.747892558574677,1,0.655213594436646,8.86850998880994,6.32258686806407,4.28248405975723
2,bisexual,0.817864239215851,0.832723677158356,0.516951203346252,0.531624615192413,0.535121023654938,0,0,6.38906510412611
3,transgender,0.160591289401054,0.738833427429199,0.162672638893127,0.309550255537033,0.190531015396118,0,0,13.3605902819034
4,tran,0.545445084571838,0.570094227790833,0,0.02219065092504,0.610096514225006,10.9251212349939,12.2595256131872,0
5,queer,0.932543694972992,1,0.941418170928955,0.829159498214722,1,17.2571792224249,9.61774403403287,7.51753783369247
6,lgbt,0.884469211101532,0.466702491044998,0.164560735225678,0.047816731035709,0.117505006492138,0,0,8.05106003176569
7,lgbtq,0,0.872762203216553,0.138274937868118,0.041236627846956,0.070810839533806,0,0,0
8,homosexual,0.609531223773956,0.743751347064972,0.505555391311646,0.83718466758728,0.446319162845612,11.3841926098307,8.90245847568091,6.66608104945726
9,woman,0.347657293081284,0.45416721701622,0.846637785434723,0.742077350616455,0.774198472499847,7.90697739634729,6.12111330602814,4.28627103968577
10,female,0.376632839441299,0.382221281528473,0.757613778114319,0.745568931102753,0.368026345968246,9.94065588598184,8.3855921101628,6.24554572130811
11,girl,0.56475168466568,0.670267760753632,1,0.559836804866791,0.904697000980377,7.56203552516458,3.73607217422426,3.44730865837996
12,wife,0.108696445822716,0.176990747451782,0.86736661195755,0.395283669233322,0.835978806018829,9.21348459672062,7.46867475604032,2.34354380213545
13,sister,0,0.163462579250336,0.800110578536987,0.476856619119644,0.932678461074829,0,14.0872542209826,3.140545999446
14,daughter,0.129690304398537,0.221635028719902,0.789993345737457,0.185613974928856,0.8370241522789,6.11063502341175,5.86796157102664,5.24007294133061
15,mother,0.256944596767426,0.313047170639038,0.906043767929077,0.780215978622437,0.785072207450867,7.14871223646109,6.15438590406822,5.25547956563834
16,non-binary,0,0,0,0.481089234352112,0.397822618484497,0,0,0
17,african,0.799790263175964,0,0.533458471298218,0.129504159092903,0.046973645687103,11.6403966082836,11.8257619799572,6.08026328770965
19,asian,0.949598014354706,0.032383266836405,0.732888877391815,0.355413615703583,0.459982335567474,6.80375733396833,7.05355713348428,5.94821958263939
20,black,0.404504090547562,0.324969440698624,0.609487950801849,0.48567733168602,0.302416354417801,7.29063140923541,6.22330289394074,3.77982993291118
21,hispanic,0.633036851882935,0.208895325660706,0.42548668384552,0,0.208537995815277,10.5418910894108,0,0
22,latin,0.867455244064331,0.215114831924438,0.30805692076683,0.037479653954506,0,0,0,6.30146352932616
23,mexican,0.902734458446503,0.032903712242842,0.709910452365875,0.310995846986771,0.41820427775383,10.6974851536091,8.90327710800893,5.02947183255578
24,indian,0.758924603462219,0.129238769412041,0.440259724855423,0.100605450570583,0.337142676115036,10.0209810015634,9.53157366650878,6.66913003047276
26,arab,1,0.147397607564926,0.200487121939659,0.201175570487976,0.360260933637619,11.5002380614935,11.1632030742159,7.26765580083671
