,word1,word2,PMI,
0,1my,wife,13.0996379454384,
1,bowdens,wife,13.0996379454384,
2,wife,ashlee,13.0996379454384,
3,wife,dafoosball,13.0996379454384,
4,wife,intercedes,13.0996379454384,
5,wife,saidsang,13.0996379454384,
6,dyke,wife,12.0996379454384,
7,wife,badgered,12.0996379454384,
8,wife,beaters,11.5146754447173,
9,wife,consulted,11.5146754447173,
10,wife,inherits,11.5146754447173,
11,overbearing,wife,11.0996379454384,
12,wife,snuggles,11.0996379454384,
13,wife,beth,10.7777098505511,
14,wife,infrequently,10.7777098505511,
15,trophy,wife,10.5146754447173,
16,wife,governors,10.5146754447173,
17,crane,wife,10.2922830233808,
18,wife,tweaked,9.92971294399613,
19,wife,wasis,9.92971294399613,
20,blasted,wife,9.77770985055108,
21,sketchy,wife,9.09963794543844,
22,wife,prefers,9.09963794543844,
23,wife,donald,8.85171043199486,
24,wife,calmly,8.70732052265968,
25,wife,filed,8.70732052265968,
26,wife,nevertheless,8.51467544471729,
27,wife,robbed,8.34475044327498,
28,horny,wife,8.29228302338084,
29,wife,massage,8.24165695031087,
30,wife,teaches,8.0121751041881,
31,6th,wife,7.92971294399613,
32,wife,irl,7.92971294399613,
33,wife,ditch,7.89018457980949,
34,wife,chin,7.85171043199486,
35,disabled,wife,7.81423572657619,
36,wife,mary,7.77770985055108,
37,wife,describes,7.70732052265968,
38,wife,watches,7.64020632680115,
39,aged,wife,7.57607598938143,
40,wife,recover,7.57607598938143,
41,ing,wife,7.45578175566372,
42,wife,cheated,7.31827823191378,
43,wife,wore,7.2169948960766,
44,lame,wife,6.79585719726134,
45,wife,finds,6.75978794255382,
46,wife,talks,6.59184330523975,
47,lovely,wife,6.56047913433041,
48,wife,beating,6.56047913433041,
49,unlike,wife,6.49972510325132,
50,wife,explaining,6.49972510325132,
51,wife,pregnant,6.30522207908834,
52,wife,raped,6.2667479312737,
53,wife,hates,6.25414789449407,
54,sleeping,wife,6.24165695031087,
55,wife,convinced,6.24165695031087,
56,wife,walked,6.22927322585504,
57,wife,nuts,6.13385366077636,
58,labor,wife,6.07727013240999,
59,wife,drives,6.03354875498067,
60,wife,creating,5.99111348866027,
61,wife,cares,5.94989082593376,
62,wife,fell,5.85171043199486,
63,former,wife,5.79585719726134,
64,wife,burn,5.60778484910877,
65,chinese,wife,5.420157845933,
66,lazy,wife,5.38539242777232,
67,wife,depending,5.18077470816385,9.21348459672062
68,cute,wife,5.10528450857958,
69,gaming,wife,5.09401339624456,
70,wife,brought,4.97035492849347,
71,wife,gets,4.93724661668154,
72,wife,laugh,4.88531882463768,
73,wife,kept,4.85646396196549,
74,wife,assuming,4.8469725129882,
75,wife,watched,4.78222533167357,
76,third,wife,4.77320845831614,
77,wife,learned,4.74208594082036,
78,wife,liked,4.7376941717032,
79,wife,loved,4.66084609286018,
80,military,wife,4.61582216817419,
81,wife,feels,4.61582216817419,
82,wife,left,4.56306692881957,
83,wife,mentioned,4.51467544471729,
84,wear,wife,4.49601160045225,
85,wife,hurt,4.48125244317983,
86,wife,spent,4.43430202825327,
87,wife,finally,4.28265432218306,
88,wife,says,4.16005873112375,
89,wife,knows,4.10245846450082,
90,wife,took,4.09822975104563,
91,wife,gave,4.08004721708056,
92,perhaps,wife,3.95753088813589,
93,wife,usually,3.9422910100756,
94,future,wife,3.87805082417364,
95,wife,cannot,3.83989468174766,
96,hot,wife,3.78448838318214,
97,wife,comments,3.74869876389201,
98,wife,takes,3.73113148393075,
99,wife,except,3.70089425350025,
100,wife,absolutely,3.67967776759055,
101,wife,went,3.66918539377291,
102,situation,wife,3.61985768140934,
103,wife,hit,3.35648655132594,
104,new,wife,3.29067377051918,
105,wife,support,3.24788890402238,
106,wife,heard,3.10387079456064,
107,wife,said,3.08747901737003,
108,wife,ask,2.90242125232839,
109,wife,never,2.75201657687031,
110,friends,wife,2.63203239535544,
111,wife,would,2.33868043909843,
112,reddit,wife,2.29792958652198,
113,wife,tell,2.26753909939931,
114,first,wife,2.14944659546574,
115,wife,give,1.96971101192805,
116,wife,man,1.91972885542351,
117,wife,used,1.87021825720803,
118,wife,ever,1.82118848721796,
119,wife,every,1.64997340696225,
120,wife,always,1.62491799891196,
121,wife,though,1.3649283252126,
122,...,wife,1.32361623018563,
123,something,wife,0.902728502897304,
124,wife,something,0.902728502897304,
125,wife,could,0.770682583657109,
126,wife,...,0.738653729464474,
127,wife,like,0.731131483930753,
128,wife,also,0.581968557304631,
