,word1,word2,PMI
0,dutch,banksand91this,16.20769138275381
1,dutch,defendes,16.20769138275381
2,dutch,flowerz,16.20769138275381
3,dutch,gulpener,16.20769138275381
4,dutch,hardcorenu,16.20769138275381
5,dutch,josti,16.20769138275381
6,dutch,leaugue,16.20769138275381
7,dutch,phraseplaatsvervangende,16.20769138275381
8,finalthe,dutch,16.20769138275381
9,dutch,glux,15.20769138275381
10,dutch,vwo,15.20769138275381
11,dutch,kanker,14.622728882032655
12,enameled,dutch,14.20769138275381
13,dutch,rudder,13.705191042224621
14,dutch,coffeeshops,13.400336460696208
15,dutch,cartoonist,12.815373959975046
16,1700s,dutch,12.622728882032654
17,dutch,arsonist,12.507251664612717
18,skream,dutch,12.207691382753811
19,campsite,dutch,12.037766381311494
20,dutch,gambit,12.037766381311494
21,moroccan,dutch,11.959763869310226
22,dutch,ovens,11.815373959975046
23,dutch,oven,11.763958450474501
24,dutch,hillbillies,11.748259764116515
25,dutch,masterpieces,11.507251664612717
26,dutch,schultz,11.452803880590343
27,dutch,moonshine,11.400336460696208
28,dutch,crunch,10.832651951406888
29,dutch,thrash,10.622728882032655
30,pennsylvania,dutch,10.554249144149882
31,dutch,psychopaths,10.349710387626239
32,dutch,lions,10.349710387626235
33,dutch,organisations,10.207691382753811
34,dutch,painter,10.037766381311497
35,dutch,settlers,10.017866823873792
36,dutch,dared,9.959763869310226
37,dutch,breeders,9.867841379869185
38,dutch,caucasian,9.764747886905083
39,dutch,dialect,9.622728882032655
40,dutch,neighbourhood,9.592981538638602
41,sup,dutch,9.535266040782316
42,dutch,troop,9.50725166461272
43,dutch,harbor,9.507251664612717
44,dutch,ministry,9.387512420338624
45,dutch,amish,9.276954045190923
46,dutch,striker,9.241907098091723
47,belgian,dutch,9.230411459253894
48,dutch,broadcasting,9.230411459253894
49,dutch,bureaucracy,9.141602192296038
50,unified,dutch,9.109659299793282
51,dutch,protestant,9.078408365808844
52,dutch,commenter,9.0377663813115
53,cosmic,dutch,8.894808427469457
54,dutch,colony,8.885763287866446
55,dutch,goose,8.781426628051712
56,dutch,nationalism,8.773063155117086
57,dutch,universities,8.731957951787411
58,dutch,infantry,8.707845495670604
59,dutch,jesse,8.653102531076172
60,royal,dutch,8.634044195260483
61,dutch,cabinet,8.5783347626742
62,dutch,springs,8.50725166461272
63,dutch,appreciation,8.400336460696206
64,dutch,bastards,8.37796864766775
65,dutch,defender,8.374801368589068
66,dutch,anarchists,8.368487594656866
67,dutch,descent,8.362201331809434
68,dutch,traditions,8.337326663170408
69,impress,dutch,8.253495072366935
70,dutch,complained,8.185323569725355
71,dutch,politician,8.136229020197181
72,dutch,bikes,8.123768899208713
73,dutch,hips,8.073265062532883
74,dutch,*...,8.06303313992193
75,dutch,wooden,7.931566977479573
76,dutch,musicians,7.903910634576707
77,dutch,mcdonald,7.899352352614404
78,dutch,labour,7.841369168507995
79,dutch,ent,7.785626616580998
80,dutch,discovery,7.7606081565441585
81,speak,dutch,7.744910283605655
82,dutch,auction,7.684129426696799
83,dutch,pirates,7.656944597370568
84,influenced,dutch,7.637835774422861
85,dutch,newspaper,7.567446446531463
86,roots,dutch,7.545913284981825
87,dutch,invasion,7.452803880590341
88,dutch,plates,7.452803880590341
89,dutch,voters,7.306824574773064
90,dutch,someday,7.177024246506868
91,century,dutch,7.078408365808841
92,speaks,dutch,7.050344447390966
93,spoke,dutch,7.012934528331563
94,traditional,dutch,6.972873951636483
95,dutch,speakers,6.936228354849437
96,senior,dutch,6.9130706338621835
97,dutch,...*,6.88576328786645
98,dutch,discrimination,6.88576328786645
99,spoken,dutch,6.88351083613507
100,singing,dutch,6.8261484315692265
101,dutch,resistance,6.744167009482631
102,dutch,shell,6.707845495670604
103,dutch,recipe,6.676309922237497
104,dutch,react,6.662726949964572
105,dutch,trading,6.602211864692141
106,dutch,kit,6.596666585446457
107,regard,dutch,6.596666585446457
108,dutch,offering,6.591142538974822
109,dutch,controlled,6.498607570203465
110,largely,dutch,6.479770928190611
111,dutch,reverse,6.462857545254266
112,dutch,bastard,6.4611770616153485
113,dutch,citizen,6.45949853316435
114,dutch,letters,6.424693173833397
115,realistic,dutch,6.377968647667753
116,dutch,comedy,6.366913459158756
117,dutch,east,6.360634036662471
118,dutch,treat,6.348156596371155
119,dutch,league,6.268112168439114
120,dutch,commercial,6.21051190181619
121,dutch,banks,6.206283188361002
122,dutch,spelling,6.188100654395928
123,dutch,chocolate,6.168772393461506
124,dear,dutch,6.1510536676406105
125,dutch,offered,6.1510536676406105
126,dutch,theme,6.128206598926994
127,dutch,disease,6.121555157726501
128,dutch,background,6.08486338794614
129,dutch,defense,6.0790525699012115
130,dutch,square,6.068140030355018
131,dutch,native,5.994587163111902
132,native,dutch,5.994587163111902
133,dutch,sport,5.975270455577732
134,dutch,politicians,5.918825308587991
135,dutch,racism,5.9119224483333035
136,dutch,babies,5.88576328786645
137,dutch,channel,5.879016455425866
138,speaking,dutch,5.867284891900514
139,iron,dutch,5.8523402863289995
140,dutch,teachers,5.8175224265536265
141,suspect,dutch,5.782475479454426
142,interview,dutch,5.762676536885387
143,dutch,blog,5.749284769517278
144,dutch,cities,5.740085832670815
145,dutch,international,5.739067339835792
146,dutch,citizens,5.726901181657993
147,dutch,kills,5.720856361190762
148,dutch,canadian,5.706849503196882
149,former,dutch,5.686090943030084
150,learning,dutch,5.679725741619855
151,dutch,foreign,5.669502450701394
152,dutch,porn,5.665143120418595
153,dutch,language,5.654382083302739
154,raised,dutch,5.645448958532739
155,crazy,dutch,5.605456481412748
156,dutch,dating,5.578334762674199
157,dutch,radio,5.5432440982058395
158,dutch,culture,5.524258089918405
159,dutch,media,5.507251664612717
160,dutch,songs,5.386714690132571
161,dutch,gold,5.354771797629812
162,dutch,army,5.352822999493576
163,dutch,cross,5.281395387972701
164,among,dutch,5.235429534020518
165,dutch,names,5.22398519009446
166,dutch,team,5.132379376293368
167,dutch,word,5.0840549289499855
168,dutch,bag,5.064946106002282
169,dutch,crime,4.931566977479573
170,dutch,student,4.922289163891563
171,dutch,band,4.9044814338090355
172,dutch,society,4.897078601094279
173,dutch,weed,4.886890833872172
174,dutch,speaking,4.867284891900518
175,lucky,dutch,4.830480852365259
176,dutch,win,4.824527122118699
177,drinking,dutch,4.799892532531835
178,dutch,government,4.791421638230602
179,dutch,boy,4.745700432168238
180,dutch,fans,4.737032508693257
181,born,dutch,4.720856361190762
182,dutch,girls,4.6971744421590955
183,indeed,dutch,4.665626840470367
184,dutch,stories,4.6236684424962675
185,double,dutch,4.613366778828961
186,dutch,double,4.613366778828961
187,dutch,illegal,4.57879023072562
188,original,dutch,4.5510430710064576
189,sweet,dutch,4.549926347488444
190,dutch,offer,4.531293495709047
191,culture,dutch,4.524258089918408
192,dutch,writing,4.504220336681865
193,dutch,person,4.493302747678623
194,summer,dutch,4.471289451435521
195,dutch,share,4.413681737732837
196,dutch,total,4.391507701321469
197,safe,dutch,4.383926102964153
198,killed,dutch,4.36180934836975
199,dutch,oil,4.333478447922939
200,dutch,bike,4.320089958245102
201,dutch,beer,4.27991342067147
202,towards,dutch,4.267744930295123
203,dutch,beat,4.2651768774145715
204,dutch,guy,4.2498033784468205
205,single,dutch,4.2112178940205816
206,dutch,style,4.185323569725355
207,dutch,friend,4.111744992055105
208,dutch,main,4.012626819032988
209,dutch,wife,4.006792777715365
210,old,dutch,3.9898093950542766
211,dutch,subreddit,3.979774658552323
212,early,dutch,3.9770704496239446
213,dutch,people,3.9412867465271297
214,several,dutch,3.924313593468252
215,religious,dutch,3.9124964268731546
216,dutch,force,3.8973626241370134
217,dutch,fan,3.8928249517006357
218,weird,dutch,3.8804194459486574
219,dutch,market,3.8773346657958676
220,dutch,girl,3.8690942631792637
221,dutch,source,3.8359147384158874
222,dutch,side,3.824932278697318
223,bring,dutch,3.796710115710013
224,future,dutch,3.754163515072026
225,watching,dutch,3.651664390029133
226,dutch,city,3.5992055262584906
227,dutch,words,3.5573127473561073
228,dutch,phone,3.505735204485674
229,learn,dutch,3.4189730500633537
230,understand,dutch,3.3917077561010807
231,dutch,law,3.3305990077263985
232,many,dutch,3.3100349715026667
233,reading,dutch,3.3053162682677844
234,non,dutch,3.2138684460078935
235,dutch,line,3.159885828746223
236,dutch,unless,3.1086723917345793
237,couple,dutch,3.0957406766006486
238,dutch,couple,3.0957406766006486
239,family,dutch,3.0908601068551
240,example,dutch,3.088263871686536
241,part,dutch,3.008172393755043
242,dutch,state,2.9646661997596553
243,called,dutch,2.9039106345767074
244,small,dutch,2.8762145608941907
245,dutch,seem,2.8750953249645974
246,cool,dutch,2.8330593964670356
247,dutch,sounds,2.8276362342089136
248,dutch,came,2.7973725405533187
249,dutch,means,2.6968036170597998
250,dutch,system,2.693840442635018
251,dutch,though,2.678993099179614
252,little,dutch,2.5634407599777695
253,dutch,guys,2.480941040361653
254,dutch,etc,2.4275617631285016
255,dutch,love,2.4040647474934964
256,dutch,friends,2.3810435944310306
257,seen,dutch,2.3231392487665765
258,going,dutch,2.2908166985726623
259,dutch,high,2.255769253992508
260,big,dutch,2.1242951623686714
261,nothing,dutch,2.0103978872246806
262,another,dutch,1.9793987707304694
263,thanks,dutch,1.9479481190630317
264,dutch,world,1.9238795479229154
265,dutch,let,1.8824562087524797
266,dutch,put,1.8561999734337924
267,dutch,without,1.8508268013349358
268,dutch,read,1.8231099694515471
269,read,dutch,1.8231099694515471
270,dutch,since,1.7650718041566904
271,dutch,man,1.712335990517829
272,try,dutch,1.611734638810649
273,best,dutch,1.5606265131410737
274,dutch,way,1.5211361427488086
275,two,dutch,1.4981228750734594
276,new,dutch,1.448011215542845
277,probably,dutch,1.4340370197919405
278,every,dutch,1.3831303527835281
279,dutch,said,1.2928391322388109
280,dutch,...,1.0823182747151598
281,dutch,use,1.0622368187442923
282,dutch,need,1.0521615931606512
283,dutch,back,1.0381577904787953
284,first,dutch,0.9703693694654909
285,dutch,right,0.7521394010834683
286,dutch,get,0.49849984610105125
287,see,dutch,0.44691946594177523
288,dutch,much,0.3630346504094746
289,dutch,would,0.3090545707821484
290,good,dutch,0.13137680846921995
291,know,dutch,0.006237471524276117
292,like,dutch,-0.06408165704236168
293,think,dutch,-0.26982974523241054
294,...,dutch,-0.5026442260059909
295,dutch,one,-0.6040219671489169
296,one,dutch,-0.6040219671489169
297,would,dutch,-0.6909454292178481
